-- phpMyAdmin SQL Dump
-- version 4.6.4
-- https://www.phpmyadmin.net/
--
-- Host: 127.0.0.1
-- Generation Time: Apr 12, 2017 at 02:59 PM
-- Server version: 5.7.14
-- PHP Version: 5.6.25

SET SQL_MODE = "NO_AUTO_VALUE_ON_ZERO";
SET time_zone = "+00:00";


/*!40101 SET @OLD_CHARACTER_SET_CLIENT=@@CHARACTER_SET_CLIENT */;
/*!40101 SET @OLD_CHARACTER_SET_RESULTS=@@CHARACTER_SET_RESULTS */;
/*!40101 SET @OLD_COLLATION_CONNECTION=@@COLLATION_CONNECTION */;
/*!40101 SET NAMES utf8mb4 */;

--
-- Database: `blog`
--
CREATE DATABASE IF NOT EXISTS `blog` DEFAULT CHARACTER SET latin1 COLLATE latin1_swedish_ci;
USE `blog`;

-- --------------------------------------------------------

--
-- Table structure for table `category`
--

CREATE TABLE `category` (
  `categoryID` int(11) NOT NULL,
  `name` varchar(255) NOT NULL
) ENGINE=MyISAM DEFAULT CHARSET=latin1;

--
-- Dumping data for table `category`
--

INSERT INTO `category` (`categoryID`, `name`) VALUES
(1, 'C'),
(2, 'C++'),
(3, 'C#'),
(4, 'Java'),
(5, 'PHP'),
(6, 'Python'),
(7, 'Javascript'),
(8, 'SQL');

-- --------------------------------------------------------

--
-- Table structure for table `contact`
--

CREATE TABLE `contact` (
  `id` int(11) NOT NULL,
  `name` varchar(255) NOT NULL,
  `website` varchar(255) DEFAULT NULL,
  `email` varchar(255) NOT NULL,
  `message` text NOT NULL
) ENGINE=MyISAM DEFAULT CHARSET=latin1;

--
-- Dumping data for table `contact`
--

INSERT INTO `contact` (`id`, `name`, `website`, `email`, `message`) VALUES
(1, 'De villers', '', 'a@gmail.com', 'this is first message\r\n');

-- --------------------------------------------------------

--
-- Table structure for table `post`
--

CREATE TABLE `post` (
  `id` int(11) NOT NULL,
  `category` int(11) NOT NULL,
  `title` varchar(255) NOT NULL,
  `content` text NOT NULL,
  `image` varchar(255) NOT NULL,
  `author` varchar(255) NOT NULL,
  `publish_date` timestamp NULL DEFAULT CURRENT_TIMESTAMP,
  `month_year` varchar(10) DEFAULT NULL,
  `year` int(11) NOT NULL
) ENGINE=MyISAM DEFAULT CHARSET=latin1;

--
-- Dumping data for table `post`
--

INSERT INTO `post` (`id`, `category`, `title`, `content`, `image`, `author`, `publish_date`, `month_year`, `year`) VALUES
(1, 1, 'C Language - Overview', 'Some text will go here . Some text will go here . Some text will go here . Some text will go here . Some text will go here . Some text will go here . Some text will go here . Some text will go here . Some text will go here . Some text will go here . Some text will go here . Some text will go here . Some text will go here . Some text will go here . Some text will go here . Some text will go here . Some text will go here . Some text will go here . Some text will go here . Some text will go here . Some text will go here . Some text will go here . Some text will go here . Some text will go here . Some text will go here . Some text will go here . Some text will go here . Some text will go here . Some text will go here . Some text will go here . Some text will go here . Some text will go here . Some text will go here . Some text will go here . Some text will go here . Some text will go here . Some text will go here . Some text will go here . Some text will go here . Some text will go here . Some text will go here . Some text will go here . Some text will go here . Some text will go here . Some text will go here . Some text will go here . Some text will go here . Some text will go here . Some text will go here . Some text will go here . Some text will go here . Some text will go here . Some text will go here . Some text will go here . ', 'img03.jpg', 'Gayle', '2017-03-09 17:08:00', '2017-03', 2017),
(3, 3, 'C# - Overview', 'Some text will go here . Some text will go here . Some text will go here . Some text will go here . Some text will go here . Some text will go here . Some text will go here . Some text will go here . Some text will go here . Some text will go here . Some text will go here . Some text will go here . Some text will go here . Some text will go here . Some text will go here . Some text will go here . Some text will go here . Some text will go here . Some text will go here . Some text will go here . Some text will go here . Some text will go here . Some text will go here . Some text will go here . Some text will go here . Some text will go here . Some text will go here . Some text will go here . Some text will go here . Some text will go here . Some text will go here . Some text will go here . Some text will go here . Some text will go here . Some text will go here . Some text will go here . Some text will go here . Some text will go here . Some text will go here . Some text will go here . Some text will go here . Some text will go here . Some text will go here . Some text will go here . Some text will go here . Some text will go here . Some text will go here . Some text will go here . Some text will go here . Some text will go here . Some text will go here . Some text will go here . Some text will go here . Some text will go here . Some text will go here . Some text will go here . Some text will go here . Some text will go here . Some text will go here . Some text will go here . Some text will go here . Some text will go here . Some text will go here . Some text will go here . Some text will go here . Some text will go here . Some text will go here . Some text will go here . Some text will go here . Some text will go here . Some text will go here . Some text will go here . Some text will go here . Some text will go here . Some text will go here . Some text will go here . Some text will go here . Some text will go here . Some text will go here . Some text will go here . Some text will go here . Some text will go here . Some text will go here . Some text will go here .', 'img03.jpg', 'rahul', '2017-03-09 17:18:49', '2017-03', 2017),
(28, 3, 'Use of C# In Gaming', '                                    Some text will go here . Some text will go here . Some text will go here . Some text will go here . Some text will go here . Some text will go here . Some text will go here . Some text will go here . Some text will go here . Some text will go here . Some text will go here . Some text will go here . Some text will go here . Some text will go here . Some text will go here . Some text will go here . Some text will go here . Some text will go here . Some text will go here . Some text will go here . Some text will go here . Some text will go here . Some text will go here . Some text will go here . Some text will go here . Some text will go here . Some text will go here . Some text will go here . Some text will go here . Some text will go here . Some text will go here . Some text will go here . Some text will go here . Some text will go here . Some text will go here . Some text will go here . Some text will go here . Some text will go here . Some text will go here . Some text will go here . Some text will go here . Some text will go here . Some text will go here . Some text will go here . Some text will go here . Some text will go here . Some text will go here . Some text will go here . Some text will go here . Some text will go here . Some text will go here . Some text will go here . Some text will go here . Some text will go here .                                 ', 'C.png', 'Gayle', '2017-03-10 14:37:16', '2017-03', 2017),
(29, 3, 'C# Tools', '                                    Some text will go here . Some text will go here . Some text will go here . Some text will go here . Some text will go here . Some text will go here . Some text will go here . Some text will go here . Some text will go here . Some text will go here . Some text will go here . Some text will go here . Some text will go here . Some text will go here . Some text will go here . Some text will go here . Some text will go here . Some text will go here . Some text will go here . Some text will go here . Some text will go here . Some text will go here . Some text will go here . Some text will go here . Some text will go here . Some text will go here . Some text will go here . Some text will go here . Some text will go here . Some text will go here . Some text will go here . Some text will go here . Some text will go here . Some text will go here . Some text will go here . Some text will go here . Some text will go here . Some text will go here . Some text will go here . Some text will go here . Some text will go here . Some text will go here . Some text will go here . Some text will go here . Some text will go here . Some text will go here . Some text will go here . Some text will go here . Some text will go here . Some text will go here . Some text will go here . Some text will go here . Some text will go here . Some text will go here .                                 ', 'C.png', 'Gayle', '2017-03-10 14:38:44', '2017-03', 2017),
(5, 3, 'C# - Decision Making', 'Some text will go here . Some text will go here . Some text will go here . Some text will go here . Some text will go here . Some text will go here . Some text will go here . Some text will go here . Some text will go here . Some text will go here . Some text will go here . Some text will go here . Some text will go here . Some text will go here . Some text will go here . Some text will go here . Some text will go here . Some text will go here . Some text will go here . Some text will go here . Some text will go here . Some text will go here . Some text will go here . Some text will go here . Some text will go here . Some text will go here . Some text will go here . Some text will go here . Some text will go here . Some text will go here . Some text will go here . Some text will go here . Some text will go here . Some text will go here . Some text will go here . Some text will go here . Some text will go here . Some text will go here . Some text will go here . Some text will go here . Some text will go here . Some text will go here . Some text will go here . Some text will go here . Some text will go here . Some text will go here . Some text will go here . Some text will go here . Some text will go here . Some text will go here . Some text will go here . Some text will go here . Some text will go here . Some text will go here . Some text will go here . Some text will go here . Some text will go here . Some text will go here . Some text will go here . Some text will go here . Some text will go here . Some text will go here . Some text will go here . Some text will go here . Some text will go here . Some text will go here . Some text will go here . Some text will go here . Some text will go here . Some text will go here . Some text will go here . Some text will go here . Some text will go here . Some text will go here . Some text will go here . Some text will go here . Some text will go here . Some text will go here . Some text will go here . Some text will go here . Some text will go here . Some text will go here . Some text will go here . Some text will go here .', 'img03.jpg', 'rahul', '2017-03-09 17:22:19', '2017-03', 2017),
(6, 3, 'C#-Data Types', 'Some text will go here . Some text will go here . Some text will go here . Some text will go here . Some text will go here . Some text will go here . Some text will go here . Some text will go here . Some text will go here . Some text will go here . Some text will go here . Some text will go here . Some text will go here . Some text will go here . Some text will go here . Some text will go here . Some text will go here . Some text will go here . Some text will go here . Some text will go here . Some text will go here . Some text will go here . Some text will go here . Some text will go here . Some text will go here . Some text will go here . Some text will go here . Some text will go here . Some text will go here . Some text will go here . Some text will go here . Some text will go here . Some text will go here . Some text will go here . Some text will go here . Some text will go here . Some text will go here . Some text will go here . Some text will go here . Some text will go here . Some text will go here . Some text will go here . Some text will go here . Some text will go here . Some text will go here . Some text will go here . Some text will go here . Some text will go here . Some text will go here . Some text will go here . Some text will go here . Some text will go here . Some text will go here . Some text will go here . Some text will go here . Some text will go here . Some text will go here . Some text will go here . Some text will go here . Some text will go here . Some text will go here . Some text will go here . Some text will go here . Some text will go here . Some text will go here . Some text will go here . Some text will go here . Some text will go here . Some text will go here . Some text will go here . Some text will go here . Some text will go here . Some text will go here . Some text will go here . Some text will go here . Some text will go here . Some text will go here . Some text will go here . Some text will go here . Some text will go here . Some text will go here . Some text will go here . Some text will go here . Some text will go here .', 'img03.jpg', 'rahul', '2017-03-09 17:23:25', '2017-03', 2017),
(8, 4, 'Java - Methods', 'Some text will go here . Some text will go here . Some text will go here . Some text will go here . Some text will go here . Some text will go here . Some text will go here . Some text will go here . Some text will go here . Some text will go here . Some text will go here . Some text will go here . Some text will go here . Some text will go here . Some text will go here . Some text will go here . Some text will go here . Some text will go here . Some text will go here . Some text will go here . Some text will go here . Some text will go here . Some text will go here . Some text will go here . Some text will go here . Some text will go here . Some text will go here . Some text will go here . Some text will go here . Some text will go here . Some text will go here . Some text will go here . Some text will go here . Some text will go here . Some text will go here . Some text will go here . Some text will go here . Some text will go here . Some text will go here . Some text will go here . Some text will go here . Some text will go here . Some text will go here . Some text will go here . Some text will go here . Some text will go here . Some text will go here . Some text will go here . Some text will go here . Some text will go here . Some text will go here . Some text will go here . Some text will go here . Some text will go here . Some text will go here . Some text will go here . Some text will go here . Some text will go here . Some text will go here . Some text will go here . Some text will go here . Some text will go here . Some text will go here . Some text will go here . Some text will go here . Some text will go here . Some text will go here . Some text will go here . Some text will go here . Some text will go here . Some text will go here . Some text will go here . Some text will go here . Some text will go here . Some text will go here . Some text will go here . Some text will go here . Some text will go here . Some text will go here . Some text will go here . Some text will go here . Some text will go here . Some text will go here . Some text will go here .', 'img03.jpg', 'De villiers', '2017-04-09 17:26:49', '2017-04', 2017),
(9, 4, 'Java Object Oriented', 'Some text will go here . Some text will go here . Some text will go here . Some text will go here . Some text will go here . Some text will go here . Some text will go here . Some text will go here . Some text will go here . Some text will go here . Some text will go here . Some text will go here . Some text will go here . Some text will go here . Some text will go here . Some text will go here . Some text will go here . Some text will go here . Some text will go here . Some text will go here . Some text will go here . Some text will go here . Some text will go here . Some text will go here . Some text will go here . Some text will go here . Some text will go here . Some text will go here . Some text will go here . Some text will go here . Some text will go here . Some text will go here . Some text will go here . Some text will go here . Some text will go here . Some text will go here . Some text will go here . Some text will go here . Some text will go here . Some text will go here . Some text will go here . Some text will go here . Some text will go here . Some text will go here . Some text will go here . Some text will go here . Some text will go here . Some text will go here . Some text will go here . Some text will go here . Some text will go here . Some text will go here . Some text will go here . Some text will go here . Some text will go here . Some text will go here . Some text will go here . Some text will go here . Some text will go here . Some text will go here . Some text will go here . Some text will go here . Some text will go here . Some text will go here . Some text will go here . Some text will go here . Some text will go here . Some text will go here . Some text will go here . Some text will go here . Some text will go here . Some text will go here . Some text will go here . Some text will go here . Some text will go here . Some text will go here . Some text will go here . Some text will go here . Some text will go here . Some text will go here . Some text will go here . Some text will go here . Some text will go here . Some text will go here .', 'img03.jpg', 'De villiers', '2017-04-09 17:27:31', '2017-04', 2017),
(10, 4, 'Java-Exception Handeling', 'Some text will go here . Some text will go here . Some text will go here . Some text will go here . Some text will go here . Some text will go here . Some text will go here . Some text will go here . Some text will go here . Some text will go here . Some text will go here . Some text will go here . Some text will go here . Some text will go here . Some text will go here . Some text will go here . Some text will go here . Some text will go here . Some text will go here . Some text will go here . Some text will go here . Some text will go here . Some text will go here . Some text will go here . Some text will go here . Some text will go here . Some text will go here . Some text will go here . Some text will go here . Some text will go here . Some text will go here . Some text will go here . Some text will go here . Some text will go here . Some text will go here . Some text will go here . Some text will go here . Some text will go here . Some text will go here . Some text will go here . Some text will go here . Some text will go here . Some text will go here . Some text will go here . Some text will go here . Some text will go here . Some text will go here . Some text will go here . Some text will go here . Some text will go here . Some text will go here . Some text will go here . Some text will go here . Some text will go here . Some text will go here . Some text will go here . Some text will go here . Some text will go here . Some text will go here . Some text will go here . Some text will go here . Some text will go here . Some text will go here . Some text will go here . Some text will go here . Some text will go here . Some text will go here . Some text will go here . Some text will go here . Some text will go here . Some text will go here . Some text will go here . Some text will go here . Some text will go here . Some text will go here . Some text will go here . Some text will go here . Some text will go here . Some text will go here . Some text will go here . Some text will go here . Some text will go here . Some text will go here . Some text will go here .', 'img03.jpg', 'De villiers', '2016-04-09 17:29:53', '2016-04', 2016),
(11, 1, 'C Language-Functions', 'Some text will go here . Some text will go here . Some text will go here . Some text will go here . Some text will go here . Some text will go here . Some text will go here . Some text will go here . Some text will go here . Some text will go here . Some text will go here . Some text will go here . Some text will go here . Some text will go here . Some text will go here . Some text will go here . Some text will go here . Some text will go here . Some text will go here . Some text will go here . Some text will go here . Some text will go here . Some text will go here . Some text will go here . Some text will go here . Some text will go here . Some text will go here . Some text will go here . Some text will go here . Some text will go here . Some text will go here . Some text will go here . Some text will go here . Some text will go here . Some text will go here . Some text will go here . Some text will go here . Some text will go here . Some text will go here . Some text will go here . Some text will go here . Some text will go here . Some text will go here . Some text will go here . Some text will go here . Some text will go here . Some text will go here . Some text will go here . Some text will go here . Some text will go here . Some text will go here . Some text will go here . Some text will go here . Some text will go here . Some text will go here . Some text will go here . Some text will go here . Some text will go here . Some text will go here . Some text will go here . Some text will go here . Some text will go here . Some text will go here . Some text will go here . Some text will go here . Some text will go here . Some text will go here . Some text will go here . Some text will go here . Some text will go here . Some text will go here . Some text will go here . Some text will go here . Some text will go here . Some text will go here . Some text will go here . Some text will go here . Some text will go here . Some text will go here . Some text will go here . Some text will go here . Some text will go here . Some text will go here . Some text will go here .', 'img03.jpg', 'De villiers', '2016-04-09 17:32:09', '2016-04', 2016),
(12, 1, 'Necessery  Tools For C', 'Some text will go here . Some text will go here . Some text will go here . Some text will go here . Some text will go here . Some text will go here . Some text will go here . Some text will go here . Some text will go here . Some text will go here . Some text will go here . Some text will go here . Some text will go here . Some text will go here . Some text will go here . Some text will go here . Some text will go here . Some text will go here . Some text will go here . Some text will go here . Some text will go here . Some text will go here . Some text will go here . Some text will go here . Some text will go here . Some text will go here . Some text will go here . Some text will go here . Some text will go here . Some text will go here . Some text will go here . Some text will go here . Some text will go here . Some text will go here . Some text will go here . Some text will go here . Some text will go here . Some text will go here . Some text will go here . Some text will go here . Some text will go here . Some text will go here . Some text will go here . Some text will go here . Some text will go here . Some text will go here . Some text will go here . Some text will go here . Some text will go here . Some text will go here . Some text will go here . Some text will go here . Some text will go here . Some text will go here . Some text will go here . Some text will go here . Some text will go here . Some text will go here . Some text will go here . Some text will go here . Some text will go here . Some text will go here . Some text will go here . Some text will go here . Some text will go here . Some text will go here . Some text will go here . Some text will go here . Some text will go here . Some text will go here . Some text will go here . Some text will go here . Some text will go here . Some text will go here . Some text will go here . Some text will go here . Some text will go here . Some text will go here . Some text will go here . Some text will go here . Some text will go here . Some text will go here . Some text will go here . Some text will go here .', 'img03.jpg', 'De villiers', '2016-04-09 17:33:01', '2016-04', 2016),
(13, 2, 'Common MIstakes in C++', 'Some text will go here . Some text will go here . Some text will go here . Some text will go here . Some text will go here . Some text will go here . Some text will go here . Some text will go here . Some text will go here . Some text will go here . Some text will go here . Some text will go here . Some text will go here . Some text will go here . Some text will go here . Some text will go here . Some text will go here . Some text will go here . Some text will go here . Some text will go here . Some text will go here . Some text will go here . Some text will go here . Some text will go here . Some text will go here . Some text will go here . Some text will go here . Some text will go here . Some text will go here . Some text will go here . Some text will go here . Some text will go here . Some text will go here . Some text will go here . Some text will go here . Some text will go here . Some text will go here . Some text will go here . Some text will go here . Some text will go here . Some text will go here . Some text will go here . Some text will go here . Some text will go here . Some text will go here . Some text will go here . Some text will go here . Some text will go here . Some text will go here . Some text will go here . Some text will go here . Some text will go here . Some text will go here . Some text will go here . Some text will go here . Some text will go here . Some text will go here . Some text will go here . Some text will go here . Some text will go here . Some text will go here . Some text will go here . Some text will go here . Some text will go here . Some text will go here . Some text will go here . Some text will go here . Some text will go here . Some text will go here . Some text will go here . Some text will go here . Some text will go here . Some text will go here . Some text will go here . Some text will go here . Some text will go here . Some text will go here . Some text will go here . Some text will go here . Some text will go here . Some text will go here . Some text will go here . Some text will go here . Some text will go here .', 'img03.jpg', 'De villiers', '2015-04-09 17:34:48', '2015-04', 2015),
(14, 6, 'Starting With Python', 'Some text will go here . Some text will go here . Some text will go here . Some text will go here . Some text will go here . Some text will go here . Some text will go here . Some text will go here . Some text will go here . Some text will go here . Some text will go here . Some text will go here . Some text will go here . Some text will go here . Some text will go here . Some text will go here . Some text will go here . Some text will go here . Some text will go here . Some text will go here . Some text will go here . Some text will go here . Some text will go here . Some text will go here . Some text will go here . Some text will go here . Some text will go here . Some text will go here . Some text will go here . Some text will go here . Some text will go here . Some text will go here . Some text will go here . Some text will go here . Some text will go here . Some text will go here . Some text will go here . Some text will go here . Some text will go here . Some text will go here . Some text will go here . Some text will go here . Some text will go here . Some text will go here . Some text will go here . Some text will go here . Some text will go here . Some text will go here . Some text will go here . Some text will go here . Some text will go here . Some text will go here . Some text will go here . Some text will go here . Some text will go here . Some text will go here . Some text will go here . Some text will go here . Some text will go here . Some text will go here . Some text will go here . Some text will go here . Some text will go here . Some text will go here . Some text will go here . Some text will go here . Some text will go here . Some text will go here . Some text will go here . Some text will go here . Some text will go here . Some text will go here . Some text will go here . Some text will go here . Some text will go here . Some text will go here . Some text will go here . Some text will go here . Some text will go here . Some text will go here . Some text will go here . Some text will go here . Some text will go here . Some text will go here .', 'img03.jpg', 'De villiers', '2015-04-09 17:35:17', '2015-04', 2015),
(15, 5, 'PHP-Syntax', 'Some text will go here . Some text will go here . Some text will go here . Some text will go here . Some text will go here . Some text will go here . Some text will go here . Some text will go here . Some text will go here . Some text will go here . Some text will go here . Some text will go here . Some text will go here . Some text will go here . Some text will go here . Some text will go here . Some text will go here . Some text will go here . Some text will go here . Some text will go here . Some text will go here . Some text will go here . Some text will go here . Some text will go here . Some text will go here . Some text will go here . Some text will go here . Some text will go here . Some text will go here . Some text will go here . Some text will go here . Some text will go here . Some text will go here . Some text will go here . Some text will go here . Some text will go here . Some text will go here . Some text will go here . Some text will go here . Some text will go here . Some text will go here . Some text will go here . Some text will go here . Some text will go here . Some text will go here . Some text will go here . Some text will go here . Some text will go here . Some text will go here . Some text will go here . Some text will go here . Some text will go here . Some text will go here . Some text will go here . Some text will go here . Some text will go here . Some text will go here . Some text will go here . Some text will go here . Some text will go here . Some text will go here . Some text will go here . Some text will go here . Some text will go here . Some text will go here . Some text will go here . Some text will go here . Some text will go here . Some text will go here . Some text will go here . Some text will go here . Some text will go here . Some text will go here . Some text will go here . Some text will go here . Some text will go here . Some text will go here . Some text will go here . Some text will go here . Some text will go here . Some text will go here . Some text will go here . Some text will go here . Some text will go here .', 'img03.jpg', 'Kohli', '2015-04-09 17:37:57', '2015-04', 2015),
(16, 5, 'PHP 5 References', 'Some text will go here . Some text will go here . Some text will go here . Some text will go here . Some text will go here . Some text will go here . Some text will go here . Some text will go here . Some text will go here . Some text will go here . Some text will go here . Some text will go here . Some text will go here . Some text will go here . Some text will go here . Some text will go here . Some text will go here . Some text will go here . Some text will go here . Some text will go here . Some text will go here . Some text will go here . Some text will go here . Some text will go here . Some text will go here . Some text will go here . Some text will go here . Some text will go here . Some text will go here . Some text will go here . Some text will go here . Some text will go here . Some text will go here . Some text will go here . Some text will go here . Some text will go here . Some text will go here . Some text will go here . Some text will go here . Some text will go here . Some text will go here . Some text will go here . Some text will go here . Some text will go here . Some text will go here . Some text will go here . Some text will go here . Some text will go here . Some text will go here . Some text will go here . Some text will go here . Some text will go here . Some text will go here . Some text will go here . Some text will go here . Some text will go here . Some text will go here . Some text will go here . Some text will go here . Some text will go here . Some text will go here . Some text will go here . Some text will go here . Some text will go here . Some text will go here . Some text will go here . Some text will go here . Some text will go here . Some text will go here . Some text will go here . Some text will go here . Some text will go here . Some text will go here . Some text will go here . Some text will go here . Some text will go here . Some text will go here . Some text will go here . Some text will go here . Some text will go here . Some text will go here . Some text will go here . Some text will go here . Some text will go here .', 'img03.jpg', 'Kohli', '2015-04-09 17:41:53', '2015-04', 2015),
(17, 6, 'Phython-Starting', '                                    Some text will go here . Some text will go here . Some text will go here . Some text will go here . Some text will go here . Some text will go here . Some text will go here . Some text will go here . Some text will go here . Some text will go here . Some text will go here . Some text will go here . Some text will go here . Some text will go here . Some text will go here . Some text will go here . Some text will go here . Some text will go here . Some text will go here . Some text will go here . Some text will go here . Some text will go here . Some text will go here . Some text will go here . Some text will go here . Some text will go here . Some text will go here . Some text will go here . Some text will go here . Some text will go here . Some text will go here . Some text will go here . Some text will go here . Some text will go here . Some text will go here . Some text will go here . Some text will go here . Some text will go here . Some text will go here . Some text will go here . Some text will go here . Some text will go here . Some text will go here . Some text will go here . Some text will go here . Some text will go here . Some text will go here . Some text will go here . Some text will go here . Some text will go here . Some text will go here . Some text will go here . Some text will go here . Some text will go here .                                 ', '', 'admin', '2016-04-10 13:25:26', '2016-04', 2016),
(18, 6, 'Advantages Of Python', '                                    Some text will go here . Some text will go here . Some text will go here . Some text will go here . Some text will go here . Some text will go here . Some text will go here . Some text will go here . Some text will go here . Some text will go here . Some text will go here . Some text will go here . Some text will go here . Some text will go here . Some text will go here . Some text will go here . Some text will go here . Some text will go here . Some text will go here . Some text will go here . Some text will go here . Some text will go here . Some text will go here . Some text will go here . Some text will go here . Some text will go here . Some text will go here . Some text will go here . Some text will go here . Some text will go here . Some text will go here . Some text will go here . Some text will go here . Some text will go here . Some text will go here . Some text will go here . Some text will go here . Some text will go here . Some text will go here . Some text will go here . Some text will go here . Some text will go here . Some text will go here . Some text will go here . Some text will go here . Some text will go here . Some text will go here . Some text will go here . Some text will go here . Some text will go here . Some text will go here . Some text will go here . Some text will go here . Some text will go here .                                 ', 'python_sh-600x600.png', 'Mash', '2017-04-10 13:27:59', '2017-04', 2017),
(19, 6, 'Python-Basic', '                                    Some text will go here . Some text will go here . Some text will go here . Some text will go here . Some text will go here . Some text will go here . Some text will go here . Some text will go here . Some text will go here . Some text will go here . Some text will go here . Some text will go here . Some text will go here . Some text will go here . Some text will go here . Some text will go here . Some text will go here . Some text will go here . Some text will go here . Some text will go here . Some text will go here . Some text will go here . Some text will go here . Some text will go here . Some text will go here . Some text will go here . Some text will go here . Some text will go here . Some text will go here . Some text will go here . Some text will go here . Some text will go here . Some text will go here . Some text will go here . Some text will go here . Some text will go here . Some text will go here . Some text will go here . Some text will go here . Some text will go here . Some text will go here . Some text will go here . Some text will go here . Some text will go here . Some text will go here . Some text will go here . Some text will go here . Some text will go here . Some text will go here . Some text will go here . Some text will go here . Some text will go here . Some text will go here . Some text will go here .                                 ', 'python 2.jpg', 'Mash', '2017-04-10 13:30:17', '2017-04', 2017),
(20, 7, 'JavaScript Basic', '                                    Some text will go here . Some text will go here . Some text will go here . Some text will go here . Some text will go here . Some text will go here . Some text will go here . Some text will go here . Some text will go here . Some text will go here . Some text will go here . Some text will go here . Some text will go here . Some text will go here . Some text will go here . Some text will go here . Some text will go here . Some text will go here . Some text will go here . Some text will go here . Some text will go here . Some text will go here . Some text will go here . Some text will go here . Some text will go here . Some text will go here . Some text will go here . Some text will go here . Some text will go here . Some text will go here . Some text will go here . Some text will go here . Some text will go here . Some text will go here . Some text will go here . Some text will go here . Some text will go here . Some text will go here . Some text will go here . Some text will go here . Some text will go here . Some text will go here . Some text will go here . Some text will go here . Some text will go here . Some text will go here . Some text will go here . Some text will go here . Some text will go here . Some text will go here . Some text will go here . Some text will go here . Some text will go here . Some text will go here .                                 ', 'js-logo.png', 'Mash', '2017-04-10 14:24:29', '2017-04', 2017),
(21, 7, 'Importance Of JavaScript', '                                    Some text will go here . Some text will go here . Some text will go here . Some text will go here . Some text will go here . Some text will go here . Some text will go here . Some text will go here . Some text will go here . Some text will go here . Some text will go here . Some text will go here . Some text will go here . Some text will go here . Some text will go here . Some text will go here . Some text will go here . Some text will go here . Some text will go here . Some text will go here . Some text will go here . Some text will go here . Some text will go here . Some text will go here . Some text will go here . Some text will go here . Some text will go here . Some text will go here . Some text will go here . Some text will go here . Some text will go here . Some text will go here . Some text will go here . Some text will go here . Some text will go here . Some text will go here . Some text will go here . Some text will go here . Some text will go here . Some text will go here . Some text will go here . Some text will go here . Some text will go here . Some text will go here . Some text will go here . Some text will go here . Some text will go here . Some text will go here . Some text will go here . Some text will go here . Some text will go here . Some text will go here . Some text will go here . Some text will go here .                                 ', 'js-logo.png', 'Kohli', '2015-04-10 14:25:22', '2015-04', 2015),
(22, 7, 'All About JavaScript', '                                    Some text will go here . Some text will go here . Some text will go here . Some text will go here . Some text will go here . Some text will go here . Some text will go here . Some text will go here . Some text will go here . Some text will go here . Some text will go here . Some text will go here . Some text will go here . Some text will go here . Some text will go here . Some text will go here . Some text will go here . Some text will go here . Some text will go here . Some text will go here . Some text will go here . Some text will go here . Some text will go here . Some text will go here . Some text will go here . Some text will go here . Some text will go here . Some text will go here . Some text will go here . Some text will go here . Some text will go here . Some text will go here . Some text will go here . Some text will go here . Some text will go here . Some text will go here . Some text will go here . Some text will go here . Some text will go here . Some text will go here . Some text will go here . Some text will go here . Some text will go here . Some text will go here . Some text will go here . Some text will go here . Some text will go here . Some text will go here . Some text will go here . Some text will go here . Some text will go here . Some text will go here . Some text will go here . Some text will go here .                                 ', 'js-logo.png', 'Kohli', '2016-03-10 14:25:57', '2016-03', 2016),
(23, 7, 'JavaScript Main Features', '                                    Some text will go here . Some text will go here . Some text will go here . Some text will go here . Some text will go here . Some text will go here . Some text will go here . Some text will go here . Some text will go here . Some text will go here . Some text will go here . Some text will go here . Some text will go here . Some text will go here . Some text will go here . Some text will go here . Some text will go here . Some text will go here . Some text will go here . Some text will go here . Some text will go here . Some text will go here . Some text will go here . Some text will go here . Some text will go here . Some text will go here . Some text will go here . Some text will go here . Some text will go here . Some text will go here . Some text will go here . Some text will go here . Some text will go here . Some text will go here . Some text will go here . Some text will go here . Some text will go here . Some text will go here . Some text will go here . Some text will go here . Some text will go here . Some text will go here . Some text will go here . Some text will go here . Some text will go here . Some text will go here . Some text will go here . Some text will go here . Some text will go here . Some text will go here . Some text will go here . Some text will go here . Some text will go here . Some text will go here .                                 ', 'js-logo.png', 'rahul', '2017-04-10 14:27:11', '2017-04', 2017),
(24, 8, 'Getting Started With SQL', '                                    Some text will go here . Some text will go here . Some text will go here . Some text will go here . Some text will go here . Some text will go here . Some text will go here . Some text will go here . Some text will go here . Some text will go here . Some text will go here . Some text will go here . Some text will go here . Some text will go here . Some text will go here . Some text will go here . Some text will go here . Some text will go here . Some text will go here . Some text will go here . Some text will go here . Some text will go here . Some text will go here . Some text will go here . Some text will go here . Some text will go here . Some text will go here . Some text will go here . Some text will go here . Some text will go here . Some text will go here . Some text will go here . Some text will go here . Some text will go here . Some text will go here . Some text will go here . Some text will go here . Some text will go here . Some text will go here . Some text will go here . Some text will go here . Some text will go here . Some text will go here . Some text will go here . Some text will go here . Some text will go here . Some text will go here . Some text will go here . Some text will go here . Some text will go here . Some text will go here . Some text will go here . Some text will go here . Some text will go here .                                 ', 'sql-server-stretch-database.png', 'rahul', '2016-04-10 14:31:12', '2016-04', 2016),
(25, 8, 'Necessity Of SQL', '                                    Some text will go here . Some text will go here . Some text will go here . Some text will go here . Some text will go here . Some text will go here . Some text will go here . Some text will go here . Some text will go here . Some text will go here . Some text will go here . Some text will go here . Some text will go here . Some text will go here . Some text will go here . Some text will go here . Some text will go here . Some text will go here . Some text will go here . Some text will go here . Some text will go here . Some text will go here . Some text will go here . Some text will go here . Some text will go here . Some text will go here . Some text will go here . Some text will go here . Some text will go here . Some text will go here . Some text will go here . Some text will go here . Some text will go here . Some text will go here . Some text will go here . Some text will go here . Some text will go here . Some text will go here . Some text will go here . Some text will go here . Some text will go here . Some text will go here . Some text will go here . Some text will go here . Some text will go here . Some text will go here . Some text will go here . Some text will go here . Some text will go here . Some text will go here . Some text will go here . Some text will go here . Some text will go here . Some text will go here .                                 ', 'sql.png', 'rahul', '2016-04-10 14:31:50', '2016-04', 2016),
(26, 1, 'Importance Of C', '                                    Some text will go here . Some text will go here . Some text will go here . Some text will go here . Some text will go here . Some text will go here . Some text will go here . Some text will go here . Some text will go here . Some text will go here . Some text will go here . Some text will go here . Some text will go here . Some text will go here . Some text will go here . Some text will go here . Some text will go here . Some text will go here . Some text will go here . Some text will go here . Some text will go here . Some text will go here . Some text will go here . Some text will go here . Some text will go here . Some text will go here . Some text will go here . Some text will go here . Some text will go here . Some text will go here . Some text will go here . Some text will go here . Some text will go here . Some text will go here . Some text will go here . Some text will go here . Some text will go here . Some text will go here . Some text will go here . Some text will go here . Some text will go here . Some text will go here . Some text will go here . Some text will go here . Some text will go here . Some text will go here . Some text will go here . Some text will go here . Some text will go here . Some text will go here . Some text will go here . Some text will go here . Some text will go here . Some text will go here .                                 ', 'C.sh-600x600.png', 'rahul', '2017-04-10 14:32:42', '2017-04', 2017),
(27, 2, 'C++ Features In Details', '                                    Some text will go here . Some text will go here . Some text will go here . Some text will go here . Some text will go here . Some text will go here . Some text will go here . Some text will go here . Some text will go here . Some text will go here . Some text will go here . Some text will go here . Some text will go here . Some text will go here . Some text will go here . Some text will go here . Some text will go here . Some text will go here . Some text will go here . Some text will go here . Some text will go here . Some text will go here . Some text will go here . Some text will go here . Some text will go here . Some text will go here . Some text will go here . Some text will go here . Some text will go here . Some text will go here . Some text will go here . Some text will go here . Some text will go here . Some text will go here . Some text will go here . Some text will go here . Some text will go here . Some text will go here . Some text will go here . Some text will go here . Some text will go here . Some text will go here . Some text will go here . Some text will go here . Some text will go here . Some text will go here . Some text will go here . Some text will go here . Some text will go here . Some text will go here . Some text will go here . Some text will go here . Some text will go here . Some text will go here .                                 ', 'c++.png', 'rahul', '2017-04-10 14:33:15', '2017-04', 2017),
(30, 4, 'JAVA -Object Oriented Parts', '                                    Some text will go here . Some text will go here . Some text will go here . Some text will go here . Some text will go here . Some text will go here . Some text will go here . Some text will go here . Some text will go here . Some text will go here . Some text will go here . Some text will go here . Some text will go here . Some text will go here . Some text will go here . Some text will go here . Some text will go here . Some text will go here . Some text will go here . Some text will go here . Some text will go here . Some text will go here . Some text will go here . Some text will go here . Some text will go here . Some text will go here . Some text will go here . Some text will go here . Some text will go here . Some text will go here . Some text will go here . Some text will go here . Some text will go here . Some text will go here . Some text will go here . Some text will go here . Some text will go here . Some text will go here . Some text will go here . Some text will go here . Some text will go here . Some text will go here . Some text will go here . Some text will go here . Some text will go here . Some text will go here . Some text will go here . Some text will go here . Some text will go here . Some text will go here . Some text will go here . Some text will go here . Some text will go here . Some text will go here .                                 ', 'c82-java-prog-logo.jpg', 'Gayle', '2017-04-10 14:40:14', '2017-04', 2017);
INSERT INTO `post` (`id`, `category`, `title`, `content`, `image`, `author`, `publish_date`, `month_year`, `year`) VALUES
(31, 4, 'Exception Handeling in JAVA', '                                    Some text will go here . Some text will go here . Some text will go here . Some text will go here . Some text will go here . Some text will go here . Some text will go here . Some text will go here . Some text will go here . Some text will go here . Some text will go here . Some text will go here . Some text will go here . Some text will go here . Some text will go here . Some text will go here . Some text will go here . Some text will go here . Some text will go here . Some text will go here . Some text will go here . Some text will go here . Some text will go here . Some text will go here . Some text will go here . Some text will go here . Some text will go here . Some text will go here . Some text will go here . Some text will go here . Some text will go here . Some text will go here . Some text will go here . Some text will go here . Some text will go here . Some text will go here . Some text will go here . Some text will go here . Some text will go here . Some text will go here . Some text will go here . Some text will go here . Some text will go here . Some text will go here . Some text will go here . Some text will go here . Some text will go here . Some text will go here . Some text will go here . Some text will go here . Some text will go here . Some text will go here . Some text will go here . Some text will go here .                                 ', 'c82-java-prog-logo.jpg', 'Gayle', '2017-04-10 14:40:54', '2017-04', 2017),
(32, 1, 'Necessity Of C in programming Contest', '                                    Some text will go here . Some text will go here . Some text will go here . Some text will go here . Some text will go here . Some text will go here . Some text will go here . Some text will go here . Some text will go here . Some text will go here . Some text will go here . Some text will go here . Some text will go here . Some text will go here . Some text will go here . Some text will go here . Some text will go here . Some text will go here . Some text will go here . Some text will go here . Some text will go here . Some text will go here . Some text will go here . Some text will go here . Some text will go here . Some text will go here . Some text will go here . Some text will go here . Some text will go here . Some text will go here . Some text will go here . Some text will go here . Some text will go here . Some text will go here . Some text will go here . Some text will go here . Some text will go here . Some text will go here . Some text will go here . Some text will go here . Some text will go here . Some text will go here . Some text will go here . Some text will go here . Some text will go here . Some text will go here . Some text will go here . Some text will go here . Some text will go here . Some text will go here . Some text will go here . Some text will go here . Some text will go here . Some text will go here .                                 ', 'C.sh-600x600.png', 'Gayle', '2017-04-10 14:42:10', '2017-04', 2017),
(33, 2, 'Advance Parts Of C++', '                                                NO text will go there                        Some text will go here . Some text will go here . Some text will go here . Some text will go here . Some text will go here . Some text will go here . Some text will go here . Some text will go here . Some text will go here . Some text will go here . Some text will go here . Some text will go here . Some text will go here . Some text will go here . Some text will go here . Some text will go here . Some text will go here . Some text will go here . Some text will go here . Some text will go here . Some text will go here . Some text will go here . Some text will go here . Some text will go here . Some text will go here . Some text will go here . Some text will go here . Some text will go here . Some text will go here . Some text will go here . Some text will go here . Some text will go here . Some text will go here . Some text will go here . Some text will go here . Some text will go here . Some text will go here . Some text will go here . Some text will go here . Some text will go here . Some text will go here . Some text will go here . Some text will go here . Some text will go here . Some text will go here . Some text will go here . Some text will go here . Some text will go here . Some text will go here . Some text will go here . Some text will go here . Some text will go here . Some text will go here . Some text will go here .                                                                 ', 'c++.png', 'Gayle', '2017-04-10 14:42:50', '2017-04', 2017),
(34, 5, 'Demands Of PHP', '                                    Some text will go here . Some text will go here . Some text will go here . Some text will go here . Some text will go here . Some text will go here . Some text will go here . Some text will go here . Some text will go here . Some text will go here . Some text will go here . Some text will go here . Some text will go here . Some text will go here . Some text will go here . Some text will go here . Some text will go here . Some text will go here . Some text will go here . Some text will go here . Some text will go here . Some text will go here . Some text will go here . Some text will go here . Some text will go here . Some text will go here . Some text will go here . Some text will go here . Some text will go here . Some text will go here . Some text will go here . Some text will go here . Some text will go here . Some text will go here . Some text will go here . Some text will go here . Some text will go here . Some text will go here . Some text will go here . Some text will go here . Some text will go here . Some text will go here . Some text will go here . Some text will go here . Some text will go here . Some text will go here . Some text will go here . Some text will go here . Some text will go here . Some text will go here . Some text will go here . Some text will go here . Some text will go here . Some text will go here .                                 ', 'PHP-logo.svg.png', 'Gayle', '2017-04-10 14:44:48', '2017-04', 2017),
(35, 5, 'Global Variables IN PHP', '                                    Some text will go here . Some text will go here . Some text will go here . Some text will go here . Some text will go here . Some text will go here . Some text will go here . Some text will go here . Some text will go here . Some text will go here . Some text will go here . Some text will go here . Some text will go here . Some text will go here . Some text will go here . Some text will go here . Some text will go here . Some text will go here . Some text will go here . Some text will go here . Some text will go here . Some text will go here . Some text will go here . Some text will go here . Some text will go here . Some text will go here . Some text will go here . Some text will go here . Some text will go here . Some text will go here . Some text will go here . Some text will go here . Some text will go here . Some text will go here . Some text will go here . Some text will go here . Some text will go here . Some text will go here . Some text will go here . Some text will go here . Some text will go here . Some text will go here . Some text will go here . Some text will go here . Some text will go here . Some text will go here . Some text will go here . Some text will go here . Some text will go here . Some text will go here . Some text will go here . Some text will go here . Some text will go here . Some text will go here .                                 ', 'PHP-logo.svg.png', 'Gayle', '2017-04-10 14:45:35', '2017-04', 2017),
(36, 8, 'PHP- A Scripting Language ', '                                                                        Some text will go here . Some text will go here . Some text will go here . Some text will go here . Some text will go here . Some text will go here . Some text will go here . Some text will go here . Some text will go here . Some text will go here . Some text will go here . Some text will go here . Some text will go here . Some text will go here . Some text will go here . Some text will go here . Some text will go here . Some text will go here . Some text will go here . Some text will go here . Some text will go here . Some text will go here . Some text will go here . Some text will go here . Some text will go here . Some text will go here . Some text will go here . Some text will go here . Some text will go here . Some text will go here . Some text will go here . Some text will go here . Some text will go here . Some text will go here . Some text will go here . Some text will go here . Some text will go here . Some text will go here . Some text will go here . Some text will go here . Some text will go here . Some text will go here . Some text will go here . Some text will go here . Some text will go here . Some text will go here . Some text will go here . Some text will go here . Some text will go here . Some text will go here . Some text will go here . Some text will go here . Some text will go here . Some text will go here .                                                                 ', 'sql.png', 'Gayle', '2017-04-10 14:47:00', '2017-04', 2017);

-- --------------------------------------------------------

--
-- Table structure for table `user_info`
--

CREATE TABLE `user_info` (
  `userID` int(11) NOT NULL,
  `name` varchar(255) NOT NULL DEFAULT '',
  `email` varchar(255) DEFAULT '',
  `details` text,
  `username` varchar(32) DEFAULT NULL,
  `password` varchar(32) DEFAULT NULL,
  `role` int(11) NOT NULL
) ENGINE=MyISAM DEFAULT CHARSET=latin1;

--
-- Dumping data for table `user_info`
--

INSERT INTO `user_info` (`userID`, `name`, `email`, `details`, `username`, `password`, `role`) VALUES
(1, '', '', NULL, 'admin', 'asd', 1),
(2, '', '', NULL, 'Gayle', '123', 2),
(3, '', '', NULL, 'Kohli', '123', 3),
(4, '', '', NULL, 'rahul', '123', 3),
(5, '', '', NULL, 'De villiers', '123', 2),
(7, '', '', NULL, 'Mash', '123', 2);

--
-- Indexes for dumped tables
--

--
-- Indexes for table `category`
--
ALTER TABLE `category`
  ADD PRIMARY KEY (`categoryID`);

--
-- Indexes for table `contact`
--
ALTER TABLE `contact`
  ADD PRIMARY KEY (`id`);

--
-- Indexes for table `post`
--
ALTER TABLE `post`
  ADD PRIMARY KEY (`id`),
  ADD KEY `category` (`category`);

--
-- Indexes for table `user_info`
--
ALTER TABLE `user_info`
  ADD PRIMARY KEY (`userID`);

--
-- AUTO_INCREMENT for dumped tables
--

--
-- AUTO_INCREMENT for table `category`
--
ALTER TABLE `category`
  MODIFY `categoryID` int(11) NOT NULL AUTO_INCREMENT, AUTO_INCREMENT=9;
--
-- AUTO_INCREMENT for table `contact`
--
ALTER TABLE `contact`
  MODIFY `id` int(11) NOT NULL AUTO_INCREMENT, AUTO_INCREMENT=2;
--
-- AUTO_INCREMENT for table `post`
--
ALTER TABLE `post`
  MODIFY `id` int(11) NOT NULL AUTO_INCREMENT, AUTO_INCREMENT=37;
--
-- AUTO_INCREMENT for table `user_info`
--
ALTER TABLE `user_info`
  MODIFY `userID` int(11) NOT NULL AUTO_INCREMENT, AUTO_INCREMENT=8;
/*!40101 SET CHARACTER_SET_CLIENT=@OLD_CHARACTER_SET_CLIENT */;
/*!40101 SET CHARACTER_SET_RESULTS=@OLD_CHARACTER_SET_RESULTS */; 
/*!40101 SET COLLATION_CONNECTION=@OLD_COLLATION_CONNECTION */;
